"data_set1","data_set2","cor","p","p_adjust","level"
"Seafood","genus_Holdemania",-0.994601889338732,3.70778743366763e-21,3.55947593632092e-19,"genus"
"Mixed_Meal","genus_Holdemania",-0.970203868554803,8.80283883142901e-14,8.45072527817185e-12,"genus"
"Bread_Products","genus_Clostridium.XVIII",0.939105099581908,9.82877466510854e-11,9.4356236785042e-09,"genus"
"Alcohol","phylum_Proteobacteria",-0.885773739673027,4.22626277687944e-08,4.5080136286714e-07,"phylum"
"Alcohol","class_Betaproteobacteria",-0.885773739673027,4.22626277687944e-08,4.5080136286714e-07,"class"
"Alcohol","class_Deltaproteobacteria",-0.885773739673027,4.22626277687944e-08,4.5080136286714e-07,"class"
"Alcohol","order_Burkholderiales",-0.885773739673027,4.22626277687944e-08,4.5080136286714e-07,"order"
"Alcohol","order_Desulfovibrionales",-0.885773739673027,4.22626277687944e-08,4.5080136286714e-07,"order"
"Alcohol","family_Desulfovibrionaceae",-0.885773739673027,4.22626277687944e-08,4.5080136286714e-07,"family"
"Alcohol","family_Sutterellaceae",-0.885773739673027,4.22626277687944e-08,4.5080136286714e-07,"family"
"Alcohol","genus_Bilophila",-0.885773739673027,4.22626277687944e-08,4.5080136286714e-07,"genus"
"Alcohol","genus_Parasutterella",-0.885773739673027,4.22626277687944e-08,4.5080136286714e-07,"genus"
"Eggs","genus_Holdemania",0.905430263289444,6.95585791666771e-09,6.677623600001e-07,"genus"
"Meat_Poultry","genus_unclassified_Coriobacteriaceae",-0.892290249433107,2.41542238385733e-08,2.31880548850304e-06,"genus"
"Tea","genus_Holdemania",-0.890798668166089,2.75388106690102e-08,2.64372582422498e-06,"genus"
"Bread_Products","class_Erysipelotrichia",0.862088904296746,2.51100985100671e-07,4.39244642743187e-06,"class"
"Bread_Products","order_Erysipelotrichales",0.862088904296746,2.51100985100671e-07,4.39244642743187e-06,"order"
"Bread_Products","family_Erysipelotrichaceae",0.862088904296746,2.51100985100671e-07,4.39244642743187e-06,"family"
"Bread_Products","family_Peptostreptococcaceae",0.860773741971351,2.74527901714492e-07,4.39244642743187e-06,"family"
"Bread_Products","genus_Clostridium.XI",0.860773741971351,2.74527901714492e-07,4.39244642743187e-06,"genus"
"Bread_Products","family_Clostridiaceae.1",0.850252443368187,5.43337221505902e-07,5.79559702939629e-06,"family"
"Bread_Products","genus_Clostridium.sensu.stricto",0.850252443368187,5.43337221505902e-07,5.79559702939629e-06,"genus"
"Bread_Products","genus_unclassified_Erysipelotrichaceae",0.852882768018978,4.60354004732416e-07,5.79559702939629e-06,"genus"
"Tea","phylum_Proteobacteria",0.816496580927726,3.57622039250735e-06,3.12106506982459e-05,"phylum"
"Tea","class_Betaproteobacteria",0.816496580927726,3.57622039250735e-06,3.12106506982459e-05,"class"
"Tea","class_Deltaproteobacteria",0.816496580927726,3.57622039250735e-06,3.12106506982459e-05,"class"
"Tea","order_Burkholderiales",0.816496580927726,3.57622039250735e-06,3.12106506982459e-05,"order"
"Tea","order_Desulfovibrionales",0.816496580927726,3.57622039250735e-06,3.12106506982459e-05,"order"
"Tea","family_Desulfovibrionaceae",0.816496580927726,3.57622039250735e-06,3.12106506982459e-05,"family"
"Tea","family_Sutterellaceae",0.816496580927726,3.57622039250735e-06,3.12106506982459e-05,"family"
"Tea","genus_Bilophila",0.816496580927726,3.57622039250735e-06,3.12106506982459e-05,"genus"
"Tea","genus_Parasutterella",0.816496580927726,3.57622039250735e-06,3.12106506982459e-05,"genus"
"Tea","genus_unclassified_Coriobacteriaceae",0.816496580927726,3.57622039250735e-06,3.12106506982459e-05,"genus"
"Mixed_Meal","genus_Clostridium.XlVb",-0.84593019797906,7.08669789120373e-07,3.40161498777779e-05,"genus"
"Seafood","genus_Dorea",-0.835568302991361,1.29835487081315e-06,6.23210337990312e-05,"genus"
"Alcohol","genus_Dorea",0.801657096768826,7.28599120568426e-06,6.99455155745688e-05,"genus"
"Seafood","genus_Flavonifractor",-0.825054120052165,2.30388608187463e-06,7.3724354619988e-05,"genus"
"Salad","genus_Blautia",0.816496580927726,3.57622039250735e-06,8.58292894201768e-05,"genus"
"Salad","genus_Dorea",0.816496580927726,3.57622039250735e-06,8.58292894201768e-05,"genus"
"Salad","genus_Oscillibacter",-0.816496580927726,3.57622039250737e-06,8.58292894201768e-05,"genus"
"Salad","genus_Ruminococcus",0.819288030372914,3.10614601231806e-06,8.58292894201768e-05,"genus"
"Legume_Products","genus_Blautia",0.816496580927726,3.57622039250735e-06,8.58292894201768e-05,"genus"
"Legume_Products","genus_Dorea",0.816496580927726,3.57622039250735e-06,8.58292894201768e-05,"genus"
"Legume_Products","genus_Oscillibacter",-0.816496580927726,3.57622039250737e-06,8.58292894201768e-05,"genus"
"Legume_Products","genus_Ruminococcus",0.819288030372914,3.10614601231806e-06,8.58292894201768e-05,"genus"
"Alcohol","genus_Holdemania",0.792570749656693,1.09490854289091e-05,9.55556546522977e-05,"genus"
"Tea","genus_Clostridium.XlVb",-0.787335988751736,1.37220786644972e-05,0.000109776629315978,"genus"
"Mixed_Meal","family_Rikenellaceae",-0.808319134165372,5.33335178258974e-06,0.000128000442782154,"family"
"Mixed_Meal","genus_Alistipes",-0.808319134165372,5.33335178258974e-06,0.000128000442782154,"genus"
"Alcohol","genus_Roseburia",0.781265183337505,1.7693022231246e-05,0.000141544177849968,"genus"
"Mixed_Meal","genus_Anaerotruncus",-0.796143382420868,9.35130210749751e-06,0.000167033919987895,"genus"
"Mixed_Meal","genus_Clostridium.XlVa",0.793657194034612,1.04396199992434e-05,0.000167033919987895,"genus"
"Bread_Products","genus_Dorea",0.781206421284923,1.77359170300383e-05,0.000170264803488368,"genus"
"Bread_Products","genus_Roseburia",0.775945771983341,2.19653401531679e-05,0.00019169751406401,"genus"
"Alcohol","class_Gammaproteobacteria",-0.767749447463851,3.03162003952838e-05,0.000194023682529816,"class"
"Alcohol","genus_Faecalibacterium",0.769794732032386,2.8008043935604e-05,0.000194023682529816,"genus"
"Alcohol","genus_unclassified_Porphyromonadaceae",-0.76850625032498,2.94434667442508e-05,0.000194023682529816,"genus"
"Salad","genus_Roseburia",0.787335988751736,1.3722078664497e-05,0.000263463910358343,"genus"
"Legume_Products","genus_Roseburia",0.787335988751736,1.3722078664497e-05,0.000263463910358343,"genus"
"Tea","class_Bacilli",0.758175396575746,4.34740705416248e-05,0.000278234051466399,"class"
"Tea","family_Streptococcaceae",0.758175396575746,4.34740705416248e-05,0.000278234051466399,"family"
"Tea","genus_Streptococcus",0.758175396575746,4.34740705416248e-05,0.000278234051466399,"genus"
"Nuts_Seeds","genus_Blautia",-0.799887916666795,7.89996834078437e-06,0.00037919848035765,"genus"
"Nuts_Seeds","genus_Oscillibacter",0.804221674729232,6.47045700978258e-06,0.00037919848035765,"genus"
"Alcohol","family_Clostridiaceae.1",0.730285399759201,0.000113970359808823,0.000643597325979237,"family"
"Alcohol","genus_Clostridium.sensu.stricto",0.730285399759201,0.000113970359808823,0.000643597325979237,"genus"
"Salad","genus_unclassified_Clostridiales_Incertae.Sedis.XIII",0.758175396575746,4.34740705416248e-05,0.000695585128665997,"genus"
"Legume_Products","genus_unclassified_Clostridiales_Incertae.Sedis.XIII",0.758175396575746,4.34740705416248e-05,0.000695585128665997,"genus"
"Tea","genus_Dorea",-0.729014804399755,0.00011875683111191,0.000712540986671458,"genus"
"Fats and Oils","genus_unclassified_Ruminococcaceae",0.800453514739229,7.69892025493997e-06,0.000739096344474237,"genus"
"Cereals_Grains","class_Betaproteobacteria",-0.735016620973006,9.75876892444456e-05,0.000780701513955565,"class"
"Cereals_Grains","class_Deltaproteobacteria",-0.735016620973006,9.75876892444456e-05,0.000780701513955565,"class"
"Cereals_Grains","class_unclassified_Firmicutes",0.735016620973006,9.75876892444456e-05,0.000780701513955565,"class"
"Cereals_Grains","order_Burkholderiales",-0.735016620973006,9.75876892444456e-05,0.000780701513955565,"order"
"Cereals_Grains","order_Desulfovibrionales",-0.735016620973006,9.75876892444456e-05,0.000780701513955565,"order"
"Cereals_Grains","order_unclassified_Firmicutes",0.735016620973006,9.75876892444456e-05,0.000780701513955565,"order"
"Cereals_Grains","family_Desulfovibrionaceae",-0.735016620973006,9.75876892444456e-05,0.000780701513955565,"family"
"Cereals_Grains","family_Sutterellaceae",-0.735016620973006,9.75876892444456e-05,0.000780701513955565,"family"
"Cereals_Grains","family_unclassified_Firmicutes",0.735016620973006,9.75876892444456e-05,0.000780701513955565,"family"
"Cereals_Grains","genus_Bilophila",-0.735016620973006,9.75876892444456e-05,0.000780701513955565,"genus"
"Cereals_Grains","genus_Parasutterella",-0.735016620973006,9.75876892444456e-05,0.000780701513955565,"genus"
"Cereals_Grains","genus_unclassified_Firmicutes",0.735016620973006,9.75876892444456e-05,0.000780701513955565,"genus"
"Starchy_Vegetables","class_Betaproteobacteria",-0.733858809877259,0.000101394919109346,0.000811159352874767,"class"
"Starchy_Vegetables","class_Deltaproteobacteria",-0.733858809877259,0.000101394919109346,0.000811159352874767,"class"
"Starchy_Vegetables","class_unclassified_Firmicutes",0.733858809877259,0.000101394919109345,0.000811159352874767,"class"
"Starchy_Vegetables","order_Burkholderiales",-0.733858809877259,0.000101394919109346,0.000811159352874767,"order"
"Starchy_Vegetables","order_Desulfovibrionales",-0.733858809877259,0.000101394919109346,0.000811159352874767,"order"
"Starchy_Vegetables","order_unclassified_Firmicutes",0.733858809877259,0.000101394919109345,0.000811159352874767,"order"
"Starchy_Vegetables","family_Desulfovibrionaceae",-0.733858809877259,0.000101394919109346,0.000811159352874767,"family"
"Starchy_Vegetables","family_Sutterellaceae",-0.733858809877259,0.000101394919109346,0.000811159352874767,"family"
"Starchy_Vegetables","family_unclassified_Firmicutes",0.733858809877259,0.000101394919109345,0.000811159352874767,"family"
"Starchy_Vegetables","genus_Bilophila",-0.733858809877259,0.000101394919109346,0.000811159352874767,"genus"
"Starchy_Vegetables","genus_Parasutterella",-0.733858809877259,0.000101394919109346,0.000811159352874767,"genus"
"Starchy_Vegetables","genus_unclassified_Firmicutes",0.733858809877259,0.000101394919109345,0.000811159352874767,"genus"
"Seafood","genus_Clostridium.XlVa",0.762587503766357,3.68954596062229e-05,0.000885491030549349,"genus"
"Sauces, Spices, and Herbs","class_Betaproteobacteria",-0.730389024198779,0.000113587484932174,0.000908699879457389,"class"
"Sauces, Spices, and Herbs","class_Deltaproteobacteria",-0.730389024198779,0.000113587484932174,0.000908699879457389,"class"
"Sauces, Spices, and Herbs","class_unclassified_Firmicutes",0.730389024198779,0.000113587484932173,0.000908699879457389,"class"
"Sauces, Spices, and Herbs","order_Burkholderiales",-0.730389024198779,0.000113587484932174,0.000908699879457389,"order"
"Sauces, Spices, and Herbs","order_Desulfovibrionales",-0.730389024198779,0.000113587484932174,0.000908699879457389,"order"
"Sauces, Spices, and Herbs","order_unclassified_Firmicutes",0.730389024198779,0.000113587484932173,0.000908699879457389,"order"
"Sauces, Spices, and Herbs","family_Desulfovibrionaceae",-0.730389024198779,0.000113587484932174,0.000908699879457389,"family"
"Sauces, Spices, and Herbs","family_Sutterellaceae",-0.730389024198779,0.000113587484932174,0.000908699879457389,"family"
"Sauces, Spices, and Herbs","family_unclassified_Firmicutes",0.730389024198779,0.000113587484932173,0.000908699879457389,"family"
"Sauces, Spices, and Herbs","genus_Bilophila",-0.730389024198779,0.000113587484932174,0.000908699879457389,"genus"
"Sauces, Spices, and Herbs","genus_Parasutterella",-0.730389024198779,0.000113587484932174,0.000908699879457389,"genus"
"Sauces, Spices, and Herbs","genus_unclassified_Firmicutes",0.730389024198779,0.000113587484932173,0.000908699879457389,"genus"
"Bread_Products","phylum_Firmicutes",0.728599928269104,0.000120357013803269,0.000962856110426155,"phylum"
"Seafood","genus_unclassified_Clostridiales_Incertae.Sedis.XIII",-0.751454839477797,5.54593799197031e-05,0.0010648200944583,"genus"
"Sweets_Sweeteners","phylum_Bacteroidetes",0.747355692573647,6.41036196781886e-05,0.00106773803881917,"phylum"
"Sweets_Sweeteners","class_Bacteroidia",0.747355692573647,6.41036196781886e-05,0.00106773803881917,"class"
"Sweets_Sweeteners","order_Bacteroidales",0.747355692573647,6.41036196781886e-05,0.00106773803881917,"order"
"Sweets_Sweeteners","family_Prevotellaceae",0.746204142970298,6.6733627426198e-05,0.00106773803881917,"family"
"Sweets_Sweeteners","family_Veillonellaceae",-0.750917233607888,5.65317883294491e-05,0.00106773803881917,"family"
"Sweets_Sweeteners","genus_Veillonella",-0.750917233607888,5.65317883294491e-05,0.00106773803881917,"genus"
"Nuts_Seeds","family_Rikenellaceae",-0.75097836139073,5.6408948388813e-05,0.00110714684519001,"family"
"Nuts_Seeds","genus_Alistipes",-0.75097836139073,5.6408948388813e-05,0.00110714684519001,"genus"
"Nuts_Seeds","genus_Dorea",-0.750359253096096,5.76638981869795e-05,0.00110714684519001,"genus"
"Cereals_Grains","genus_Erysipelotrichaceae_incertae_sedis",-0.720362564521288,0.000156239191200113,0.00115376633501622,"genus"
"Starchy_Vegetables","genus_Erysipelotrichaceae_incertae_sedis",-0.719181633679714,0.000162075104351913,0.00119686230906028,"genus"
"Mixed_Meal","genus_Dorea",-0.738196811800868,8.77619136544783e-05,0.00120359195868999,"genus"
"Seafood","family_Rikenellaceae",-0.734755843044957,9.84341949027036e-05,0.00120560846387282,"family"
"Seafood","genus_Alistipes",-0.734755843044957,9.84341949027036e-05,0.00120560846387282,"genus"
"Seafood","genus_Roseburia",-0.734137361695593,0.000100467371989401,0.00120560846387282,"genus"
"Sweets_Sweeteners","class_Erysipelotrichia",-0.717991177688242,0.000168148133094348,0.00124170929054288,"class"
"Sweets_Sweeteners","class_Negativicutes",-0.725476250110012,0.00013301733723591,0.00124170929054288,"class"
"Sweets_Sweeteners","order_Erysipelotrichales",-0.717991177688242,0.000168148133094348,0.00124170929054288,"order"
"Sweets_Sweeteners","order_Lactobacillales",-0.723173150903313,0.000143076317709284,0.00124170929054288,"order"
"Sweets_Sweeteners","order_Selenomonadales",-0.725476250110012,0.00013301733723591,0.00124170929054288,"order"
"Sweets_Sweeteners","family_Erysipelotrichaceae",-0.717991177688242,0.000168148133094348,0.00124170929054288,"family"
"Sweets_Sweeteners","genus_Parabacteroides",0.724900475308337,0.000135472780243288,0.00124170929054288,"genus"
"Sauces, Spices, and Herbs","genus_Erysipelotrichaceae_incertae_sedis",-0.715734967747062,0.000180199935182684,0.00133070721365674,"genus"
"Seafood","genus_Clostridium.XlVb",-0.727334066852584,0.000125355598561273,0.00133712638465358,"genus"
"Salad","family_Rikenellaceae",0.729014804399755,0.00011875683111191,0.00142508197334292,"family"
"Salad","genus_Alistipes",0.729014804399755,0.00011875683111191,0.00142508197334292,"genus"
"Legume_Products","family_Rikenellaceae",0.729014804399755,0.00011875683111191,0.00142508197334292,"family"
"Legume_Products","genus_Alistipes",0.729014804399755,0.00011875683111191,0.00142508197334292,"genus"
"Sweets_Sweeteners","family_Porphyromonadaceae",0.710506105266472,0.000211039205938979,0.00144712598358157,"family"
"Tea","class_Gammaproteobacteria",0.702648052522944,0.000265933007570854,0.0014562496227682,"class"
"Tea","genus_Faecalibacterium",-0.699854212223765,0.000288216071172873,0.0014562496227682,"genus"
"Tea","genus_unclassified_Porphyromonadaceae",0.700140042014005,0.000285864818600679,0.0014562496227682,"genus"
"Meat_Poultry","genus_Parasutterella",-0.767573696145125,3.05220780784674e-05,0.00146505974776644,"genus"
"Mixed_Meal","genus_Flavonifractor",-0.727997201275122,0.000122715046889133,0.0014725805626696,"genus"
"Mixed_Meal","class_Bacilli",0.71461021246008,0.000186482058205988,0.0016274797807068,"class"
"Mixed_Meal","family_Streptococcaceae",0.71461021246008,0.000186482058205988,0.0016274797807068,"family"
"Mixed_Meal","genus_Streptococcus",0.71461021246008,0.000186482058205988,0.0016274797807068,"genus"
"Eggs","genus_Anaerotruncus",0.751456692322361,5.54557147556812e-05,0.00166210078909206,"genus"
"Eggs","genus_Dorea",0.761806831600131,3.79918142456658e-05,0.00166210078909206,"genus"
"Eggs","genus_Pseudoflavonifractor",-0.745136995582466,6.92541995455023e-05,0.00166210078909206,"genus"
"Bread_Products","genus_Faecalibacterium",0.706899749900078,0.000234876128747126,0.00173446987382493,"genus"
"Seafood","genus_Faecalibacterium",-0.714964439865295,0.00018448346746662,0.00177104128767955,"genus"
"Mixed_Meal","genus_unclassified_Coriobacteriaceae",0.705685553250053,0.00024340805244005,0.0019472644195204,"genus"
"Sauces, Spices, and Herbs","family_Bacteroidaceae",0.693368250004966,0.00034624096782489,0.0022159421940793,"family"
"Sauces, Spices, and Herbs","genus_Bacteroides",0.693368250004966,0.00034624096782489,0.0022159421940793,"genus"
"Meat_Poultry","phylum_unclassified_Bacteria",-0.698412698412698,0.000300329828699813,0.00240263862959851,"phylum"
"Meat_Poultry","class_Betaproteobacteria",-0.700680272108844,0.000281465989616725,0.00240263862959851,"class"
"Meat_Poultry","class_unclassified_Bacteria",-0.698412698412698,0.000300329828699813,0.00240263862959851,"class"
"Meat_Poultry","order_Burkholderiales",-0.700680272108844,0.000281465989616725,0.00240263862959851,"order"
"Meat_Poultry","order_Coriobacteriales",-0.702947845804989,0.000263632701322544,0.00240263862959851,"order"
"Meat_Poultry","order_unclassified_Bacteria",-0.698412698412698,0.000300329828699813,0.00240263862959851,"order"
"Meat_Poultry","family_Coriobacteriaceae",-0.702947845804989,0.000263632701322544,0.00240263862959851,"family"
"Meat_Poultry","family_Sutterellaceae",-0.700680272108844,0.000281465989616725,0.00240263862959851,"family"
"Meat_Poultry","family_unclassified_Bacteria",-0.698412698412698,0.000300329828699813,0.00240263862959851,"family"
"Meat_Poultry","genus_unclassified_Bacteria",-0.698412698412698,0.000300329828699813,0.00240263862959851,"genus"
"Sweets_Sweeteners","phylum_Actinobacteria",-0.687475113199487,0.000407413832002386,0.00244448299201431,"phylum"
"Sweets_Sweeteners","class_Actinobacteria",-0.687475113199487,0.000407413832002386,0.00244448299201431,"class"
"Seafood","genus_Anaerotruncus",-0.699832391495027,0.000288396252688783,0.00251691275073847,"genus"
"Starchy_Vegetables","family_Bacteroidaceae",0.687509832411327,0.000407027892314224,0.00260497851081104,"family"
"Starchy_Vegetables","genus_Bacteroides",0.687509832411327,0.000407027892314224,0.00260497851081104,"genus"
"Tea","family_Rikenellaceae",-0.670693620047775,0.000635021117988918,0.00277100124213346,"family"
"Tea","genus_Alistipes",-0.670693620047775,0.000635021117988918,0.00277100124213346,"genus"
"Tea","genus_Roseburia",-0.670693620047775,0.000635021117988918,0.00277100124213346,"genus"
"Fats and Oils","genus_Eggerthella",-0.74957714934736,5.92839560756333e-05,0.0028456298916304,"genus"
"Meat_Poultry","family_Bacteroidaceae",0.684807256235828,0.000438026667055881,0.00300361143124033,"family"
"Meat_Poultry","genus_Bacteroides",0.684807256235828,0.000438026667055881,0.00300361143124033,"genus"
"Cereals_Grains","family_Bacteroidaceae",0.679485459682286,0.000505034965800869,0.00323222378112556,"family"
"Cereals_Grains","genus_Bacteroides",0.679485459682286,0.000505034965800869,0.00323222378112556,"genus"
"Eggs","family_Rikenellaceae",0.706402698392848,0.000238337067744781,0.00326862264335699,"family"
"Eggs","genus_Alistipes",0.706402698392848,0.000238337067744781,0.00326862264335699,"genus"
"Eggs","genus_Clostridium.XlVa",-0.713905341431335,0.000190514781254453,0.00326862264335699,"genus"
"Cereals_Grains","phylum_Proteobacteria",-0.676400395166135,0.000547767184368865,0.00328660310621319,"phylum"
"Tea","phylum_Actinobacteria",0.641533027871785,0.00129077493061175,0.00334903765780346,"phylum"
"Tea","phylum_Verrucomicrobia",0.651253225263781,0.00102729608437272,0.00334903765780346,"phylum"
"Tea","phylum_unclassified_Bacteria",0.641533027871785,0.00129077493061175,0.00334903765780346,"phylum"
"Tea","class_Actinobacteria",0.641533027871785,0.00129077493061175,0.00334903765780346,"class"
"Tea","class_Verrucomicrobiae",0.651253225263781,0.00102729608437272,0.00334903765780346,"class"
"Tea","class_unclassified_Bacteria",0.641533027871785,0.00129077493061175,0.00334903765780346,"class"
"Tea","order_Lactobacillales",0.641533027871785,0.00129077493061175,0.00334903765780346,"order"
"Tea","order_Verrucomicrobiales",0.651253225263781,0.00102729608437272,0.00334903765780346,"order"
"Tea","order_unclassified_Bacteria",0.641533027871785,0.00129077493061175,0.00334903765780346,"order"
"Tea","family_Verrucomicrobiaceae",0.651253225263781,0.00102729608437272,0.00334903765780346,"family"
"Tea","family_unclassified_Bacteria",0.641533027871785,0.00129077493061175,0.00334903765780346,"family"
"Tea","genus_Akkermansia",0.651253225263781,0.00102729608437272,0.00334903765780346,"genus"
"Tea","genus_Anaerotruncus",-0.643542676338759,0.00123204212867223,0.00334903765780346,"genus"
"Tea","genus_Clostridium.XlVa",0.641533027871785,0.00129077493061175,0.00334903765780346,"genus"
"Tea","genus_unclassified_Bacteria",0.641533027871785,0.00129077493061175,0.00334903765780346,"genus"
"Starchy_Vegetables","phylum_Proteobacteria",-0.675150105087078,0.000565947796711564,0.00339568678026938,"phylum"
"Meat_Poultry","class_Negativicutes",-0.674603174603175,0.000574061927053508,0.00344437156232105,"class"
"Meat_Poultry","order_Selenomonadales",-0.674603174603175,0.000574061927053508,0.00344437156232105,"order"
"Sweets_Sweeteners","genus_Blautia",-0.670201869149249,0.000643067305810896,0.00363143890340271,"genus"
"Sweets_Sweeteners","order_Coriobacteriales",-0.665595670735852,0.000722771485344508,0.00365189803121435,"order"
"Sweets_Sweeteners","family_Coriobacteriaceae",-0.665595670735852,0.000722771485344508,0.00365189803121435,"family"
"Sauces, Spices, and Herbs","phylum_Proteobacteria",-0.671772798391908,0.000617664895168617,0.0037059893710117,"phylum"
"Sweets_Sweeteners","genus_Erysipelotrichaceae_incertae_sedis",-0.660989472322455,0.000810776238765723,0.00389172594607547,"genus"
"Meat_Poultry","phylum_Actinobacteria",-0.660997732426304,0.000810610586711452,0.00410727816046944,"phylum"
"Meat_Poultry","phylum_Proteobacteria",-0.658730158730159,0.000857185293835454,0.00410727816046944,"phylum"
"Meat_Poultry","class_Actinobacteria",-0.660997732426304,0.000810610586711452,0.00410727816046944,"class"
"Meat_Poultry","family_Veillonellaceae",-0.656806578653281,0.00089846709760269,0.00410727816046944,"family"
"Meat_Poultry","genus_Veillonella",-0.656806578653281,0.00089846709760269,0.00410727816046944,"genus"
"Sweets_Sweeteners","genus_Butyricicoccus",-0.651201300693987,0.00102857118945682,0.00470203972323117,"genus"
"Nuts_Seeds","phylum_unclassified_Bacteria",0.676685366034681,0.000543694205730271,0.004744967613646,"phylum"
"Nuts_Seeds","class_unclassified_Bacteria",0.676685366034681,0.000543694205730271,0.004744967613646,"class"
"Nuts_Seeds","order_unclassified_Bacteria",0.676685366034681,0.000543694205730271,0.004744967613646,"order"
"Nuts_Seeds","family_unclassified_Bacteria",0.676685366034681,0.000543694205730271,0.004744967613646,"family"
"Nuts_Seeds","genus_unclassified_Bacteria",0.676685366034681,0.000543694205730271,0.004744967613646,"genus"
"Nuts_Seeds","genus_unclassified_Clostridiales_Incertae.Sedis.XIII",-0.682257340686384,0.000469112595101841,0.004744967613646,"genus"
"Nuts_Seeds","genus_Roseburia",-0.671113391382977,0.000628221033471229,0.00502576826776983,"genus"
"Tea","genus_Collinsella",0.622092633087791,0.00199280211947555,0.0050344474597277,"genus"
"Eggs","genus_Flavonifractor",0.685049022052542,0.000435173396124767,0.0052220807534972,"genus"
"Seafood","phylum_Proteobacteria",0.669196820012326,0.000659784081069011,0.00527827264855209,"phylum"
"Coffee","genus_Anaerovorax",0.718229273564335,0.00016691799400254,0.00534137580808127,"genus"
"Coffee","genus_Pseudoflavonifractor",0.730333112123683,0.000113793931792034,0.00534137580808127,"genus"
"Coffee","genus_unclassified_Ruminococcaceae",0.726190643184209,0.000130024438930422,0.00534137580808127,"genus"
"Snacks","family_Prevotellaceae",0.730389024198779,0.000113587484932173,0.00545219927674432,"family"
"Snacks","genus_Prevotella",0.730389024198779,0.000113587484932173,0.00545219927674432,"genus"
"Fats and Oils","genus_Pseudoflavonifractor",0.716434577363011,0.000176385445896025,0.0056443342686728,"genus"
"Sweets_Sweeteners","class_Bacilli",-0.633352281842074,0.00155505966094202,0.0057618949730476,"class"
"Sweets_Sweeteners","family_Streptococcaceae",-0.633352281842074,0.00155505966094202,0.0057618949730476,"family"
"Sweets_Sweeteners","genus_Clostridium.XVIII",-0.633196309676972,0.00156051322186706,0.0057618949730476,"genus"
"Sweets_Sweeteners","genus_Streptococcus",-0.633352281842074,0.00155505966094202,0.0057618949730476,"genus"
"Sweets_Sweeteners","genus_unclassified_Lachnospiraceae",-0.63911002985882,0.00136473636841302,0.0057618949730476,"genus"
"Bread_Products","phylum_Proteobacteria",-0.656923581535049,0.000895908548012663,0.00614337290065826,"phylum"
"Eggs","phylum_unclassified_Bacteria",-0.659078334611628,0.000849888924889311,0.00627610282995184,"phylum"
"Eggs","class_unclassified_Bacteria",-0.659078334611628,0.000849888924889311,0.00627610282995184,"class"
"Eggs","order_unclassified_Bacteria",-0.659078334611628,0.000849888924889311,0.00627610282995184,"order"
"Eggs","family_unclassified_Bacteria",-0.659078334611628,0.000849888924889311,0.00627610282995184,"family"
"Eggs","genus_unclassified_Bacteria",-0.659078334611628,0.000849888924889311,0.00627610282995184,"genus"
"Sweets_Sweeteners","genus_unclassified_Erysipelotrichaceae",-0.627594533825328,0.00176742677896942,0.00628418410300237,"genus"
"Salad","family_Lachnospiraceae",0.670693620047775,0.000635021117988923,0.00677355859188185,"family"
"Legume_Products","family_Lachnospiraceae",0.670693620047775,0.000635021117988923,0.00677355859188185,"family"
"Salad","phylum_unclassified_Bacteria",-0.651253225263781,0.00102729608437272,0.00704431600712721,"phylum"
"Salad","class_unclassified_Bacteria",-0.651253225263781,0.00102729608437272,0.00704431600712721,"class"
"Salad","order_unclassified_Bacteria",-0.651253225263781,0.00102729608437272,0.00704431600712721,"order"
"Salad","family_unclassified_Bacteria",-0.651253225263781,0.00102729608437272,0.00704431600712721,"family"
"Salad","genus_unclassified_Bacteria",-0.651253225263781,0.00102729608437272,0.00704431600712721,"genus"
"Legume_Products","phylum_unclassified_Bacteria",-0.651253225263781,0.00102729608437272,0.00704431600712721,"phylum"
"Legume_Products","class_unclassified_Bacteria",-0.651253225263781,0.00102729608437272,0.00704431600712721,"class"
"Legume_Products","order_unclassified_Bacteria",-0.651253225263781,0.00102729608437272,0.00704431600712721,"order"
"Legume_Products","family_unclassified_Bacteria",-0.651253225263781,0.00102729608437272,0.00704431600712721,"family"
"Legume_Products","genus_unclassified_Bacteria",-0.651253225263781,0.00102729608437272,0.00704431600712721,"genus"
"Mixed_Meal","phylum_Proteobacteria",0.648312744042731,0.00110166230692975,0.00755425581894686,"phylum"
"Mixed_Meal","genus_Faecalibacterium",-0.650862646674168,0.00103692059692576,0.00755425581894686,"genus"
"Seafood","genus_unclassified_Porphyromonadaceae",0.651367741483966,0.00102448868385882,0.00756545489618821,"genus"
"Bread_Products","genus_Holdemania",0.643527329507236,0.00123248188287544,0.00788788405040279,"genus"
"Bread_Products","genus_unclassified_Porphyromonadaceae",-0.639768257954955,0.00134429677081714,0.00806578062490284,"genus"
"Mixed_Meal","phylum_Verrucomicrobia",0.621538766412648,0.00201677831731445,0.00851165764959443,"phylum"
"Mixed_Meal","class_Betaproteobacteria",0.610064204571184,0.00257122991498165,0.00851165764959443,"class"
"Mixed_Meal","class_Deltaproteobacteria",0.610064204571184,0.00257122991498165,0.00851165764959443,"class"
"Mixed_Meal","class_Verrucomicrobiae",0.621538766412648,0.00201677831731445,0.00851165764959443,"class"
"Mixed_Meal","order_Burkholderiales",0.610064204571184,0.00257122991498165,0.00851165764959443,"order"
"Mixed_Meal","order_Desulfovibrionales",0.610064204571184,0.00257122991498165,0.00851165764959443,"order"
"Mixed_Meal","order_Verrucomicrobiales",0.621538766412648,0.00201677831731445,0.00851165764959443,"order"
"Mixed_Meal","family_Desulfovibrionaceae",0.610064204571184,0.00257122991498165,0.00851165764959443,"family"
"Mixed_Meal","family_Sutterellaceae",0.610064204571184,0.00257122991498165,0.00851165764959443,"family"
"Mixed_Meal","family_Verrucomicrobiaceae",0.621538766412648,0.00201677831731445,0.00851165764959443,"family"
"Mixed_Meal","genus_Akkermansia",0.621538766412648,0.00201677831731445,0.00851165764959443,"genus"
"Mixed_Meal","genus_Bilophila",0.610064204571184,0.00257122991498165,0.00851165764959443,"genus"
"Mixed_Meal","genus_Parasutterella",0.610064204571184,0.00257122991498165,0.00851165764959443,"genus"
"Mixed_Meal","genus_Roseburia",-0.636200706543408,0.00145826961560504,0.00851165764959443,"genus"
"Mixed_Meal","genus_unclassified_Clostridiales_Incertae.Sedis.XIII",-0.632375852596253,0.001589468241077,0.00851165764959443,"genus"
"Mixed_Meal","genus_unclassified_Porphyromonadaceae",0.605776326729777,0.00280896909853872,0.00898870111532392,"genus"
"Beverages","class_Betaproteobacteria",-0.689997705104432,0.000380178019677402,0.00912427247225764,"class"
"Beverages","order_Burkholderiales",-0.689997705104432,0.000380178019677402,0.00912427247225764,"order"
"Beverages","family_Sutterellaceae",-0.689997705104432,0.000380178019677402,0.00912427247225764,"family"
"Beverages","genus_Oscillibacter",-0.707377999943335,0.000231587149788568,0.00912427247225764,"genus"
"Mixed_Meal","phylum_unclassified_Bacteria",0.597314691414001,0.00333261771387456,0.00914089430091308,"phylum"
"Mixed_Meal","class_unclassified_Bacteria",0.597314691414001,0.00333261771387456,0.00914089430091308,"class"
"Mixed_Meal","order_unclassified_Bacteria",0.597314691414001,0.00333261771387456,0.00914089430091308,"order"
"Mixed_Meal","family_unclassified_Bacteria",0.597314691414001,0.00333261771387456,0.00914089430091308,"family"
"Mixed_Meal","genus_unclassified_Bacteria",0.597314691414001,0.00333261771387456,0.00914089430091308,"genus"
"Seafood","class_Betaproteobacteria",0.617244386665713,0.00221108548854286,0.00922887856087456,"class"
"Seafood","class_Clostridia",-0.635798827146646,0.00147160757344664,0.00922887856087456,"class"
"Seafood","class_Deltaproteobacteria",0.617244386665713,0.00221108548854286,0.00922887856087456,"class"
"Seafood","order_Burkholderiales",0.617244386665713,0.00221108548854286,0.00922887856087456,"order"
"Seafood","order_Clostridiales",-0.635798827146646,0.00147160757344664,0.00922887856087456,"order"
"Seafood","order_Desulfovibrionales",0.617244386665713,0.00221108548854286,0.00922887856087456,"order"
"Seafood","family_Desulfovibrionaceae",0.617244386665713,0.00221108548854286,0.00922887856087456,"family"
"Seafood","family_Sutterellaceae",0.617244386665713,0.00221108548854286,0.00922887856087456,"family"
"Seafood","genus_Bilophila",0.617244386665713,0.00221108548854286,0.00922887856087456,"genus"
"Seafood","genus_Parasutterella",0.617244386665713,0.00221108548854286,0.00922887856087456,"genus"
"Alcohol","family_Peptostreptococcaceae",0.625776843423678,0.00183936665405542,0.00929364204154317,"family"
"Alcohol","genus_Clostridium.XI",0.625776843423678,0.00183936665405542,0.00929364204154317,"genus"
"Alcohol","genus_Clostridium.XVIII",0.620151849731378,0.00207788802999277,0.00946811893986112,"genus"
"Alcohol","genus_unclassified_Coriobacteriaceae",-0.618129875886933,0.00216977725705151,0.00946811893986112,"genus"
"Alcohol","genus_unclassified_Erysipelotrichaceae",0.621953359655306,0.00199880830125075,0.00946811893986112,"genus"
"Bread_Products","class_Betaproteobacteria",-0.60694741317002,0.0027422748515684,0.00975031058335432,"class"
"Bread_Products","class_Clostridia",0.617468711773184,0.00220055842472003,0.00975031058335432,"class"
"Bread_Products","class_Deltaproteobacteria",-0.60694741317002,0.0027422748515684,0.00975031058335432,"class"
"Bread_Products","order_Burkholderiales",-0.60694741317002,0.0027422748515684,0.00975031058335432,"order"
"Bread_Products","order_Clostridiales",0.617468711773184,0.00220055842472003,0.00975031058335432,"order"
"Bread_Products","order_Desulfovibrionales",-0.60694741317002,0.0027422748515684,0.00975031058335432,"order"
"Bread_Products","family_Desulfovibrionaceae",-0.60694741317002,0.0027422748515684,0.00975031058335432,"family"
"Bread_Products","family_Sutterellaceae",-0.60694741317002,0.0027422748515684,0.00975031058335432,"family"
"Bread_Products","genus_Bilophila",-0.60694741317002,0.0027422748515684,0.00975031058335432,"genus"
"Bread_Products","genus_Parasutterella",-0.60694741317002,0.0027422748515684,0.00975031058335432,"genus"
"Bread_Products","genus_unclassified_Clostridiales_Incertae.Sedis.XIII",0.622071779912069,0.00199370044273337,0.00975031058335432,"genus"
"Nuts_Seeds","genus_Eggerthella",-0.639923936785721,0.00133950076974599,0.00989169799197039,"genus"
"Cereals_Grains","phylum_Bacteroidetes",0.617784169359263,0.00218582631681908,0.00999234887688724,"phylum"
"Cereals_Grains","class_Bacteroidia",0.617784169359263,0.00218582631681908,0.00999234887688724,"class"
"Cereals_Grains","order_Bacteroidales",0.617784169359263,0.00218582631681908,0.00999234887688724,"order"
"Cereals_Grains","family_Veillonellaceae",-0.620250383434144,0.0020734954773021,0.00999234887688724,"family"
"Cereals_Grains","genus_Veillonella",-0.620250383434144,0.0020734954773021,0.00999234887688724,"genus"
"Eggs","phylum_Verrucomicrobia",-0.617525234706166,0.00219791261557907,0.0100476005283616,"phylum"
"Eggs","class_Verrucomicrobiae",-0.617525234706166,0.00219791261557907,0.0100476005283616,"class"
"Eggs","order_Verrucomicrobiales",-0.617525234706166,0.00219791261557907,0.0100476005283616,"order"
"Eggs","family_Verrucomicrobiaceae",-0.617525234706166,0.00219791261557907,0.0100476005283616,"family"
"Eggs","genus_Akkermansia",-0.617525234706166,0.00219791261557907,0.0100476005283616,"genus"
"Eggs","genus_Eggerthella",0.623847990258053,0.00191840018010311,0.0100476005283616,"genus"
"Eggs","genus_Faecalibacterium",0.617525234706166,0.0021979126155791,0.0100476005283616,"genus"
"Eggs","genus_unclassified_Clostridiales_Incertae.Sedis.XIII",0.618679487481318,0.00214446695000543,0.0100476005283616,"genus"
"Meat_Poultry","phylum_Verrucomicrobia",-0.605442176870748,0.00282824743762609,0.0100559908893372,"phylum"
"Meat_Poultry","class_Verrucomicrobiae",-0.605442176870748,0.00282824743762609,0.0100559908893372,"class"
"Meat_Poultry","order_Verrucomicrobiales",-0.605442176870748,0.00282824743762609,0.0100559908893372,"order"
"Meat_Poultry","family_Verrucomicrobiaceae",-0.605442176870748,0.00282824743762609,0.0100559908893372,"family"
"Meat_Poultry","genus_Akkermansia",-0.605442176870748,0.00282824743762609,0.0100559908893372,"genus"
"Meat_Poultry","genus_Oscillibacter",-0.614512471655329,0.00234273723101501,0.0100559908893372,"genus"
"Starchy_Vegetables","phylum_Bacteroidetes",0.616441400296898,0.00224911687538595,0.0102816771446215,"phylum"
"Starchy_Vegetables","class_Bacteroidia",0.616441400296898,0.00224911687538595,0.0102816771446215,"class"
"Starchy_Vegetables","order_Bacteroidales",0.616441400296898,0.00224911687538595,0.0102816771446215,"order"
"Starchy_Vegetables","family_Veillonellaceae",-0.618902253994926,0.00213427950850959,0.0102816771446215,"family"
"Starchy_Vegetables","genus_Veillonella",-0.618902253994926,0.00213427950850959,0.0102816771446215,"genus"
"Mixed_Meal","phylum_Actinobacteria",0.587115080888255,0.00407036622544655,0.010283030464286,"phylum"
"Mixed_Meal","class_Actinobacteria",0.587115080888255,0.00407036622544655,0.010283030464286,"class"
"Mixed_Meal","order_Lactobacillales",0.587115080888255,0.00407036622544655,0.010283030464286,"order"
"Tea","genus_Flavonifractor",-0.583211843519804,0.00438664380705125,0.0107978924481262,"genus"
"Dairy_Products","genus_Butyricimonas",-0.730426473599406,0.000113449390480874,0.0108911414861639,"genus"
"Meat_Poultry","class_Deltaproteobacteria",-0.59297052154195,0.00363179164244363,0.0108953749273309,"class"
"Meat_Poultry","order_Desulfovibrionales",-0.59297052154195,0.00363179164244363,0.0108953749273309,"order"
"Meat_Poultry","family_Desulfovibrionaceae",-0.59297052154195,0.00363179164244363,0.0108953749273309,"family"
"Meat_Poultry","family_Porphyromonadaceae",0.59297052154195,0.00363179164244361,0.0108953749273309,"family"
"Meat_Poultry","genus_Bilophila",-0.59297052154195,0.00363179164244363,0.0108953749273309,"genus"
"Sauces, Spices, and Herbs","phylum_Bacteroidetes",0.613156572585037,0.00241049457304564,0.0110194037624944,"phylum"
"Sauces, Spices, and Herbs","class_Bacteroidia",0.613156572585037,0.00241049457304564,0.0110194037624944,"class"
"Sauces, Spices, and Herbs","order_Bacteroidales",0.613156572585037,0.00241049457304564,0.0110194037624944,"order"
"Sauces, Spices, and Herbs","family_Veillonellaceae",-0.615604313146248,0.00228934950237725,0.0110194037624944,"family"
"Sauces, Spices, and Herbs","genus_Veillonella",-0.615604313146248,0.00228934950237725,0.0110194037624944,"genus"
"Meat_Poultry","genus_Erysipelotrichaceae_incertae_sedis",-0.587301587301587,0.00405574424383764,0.0117985287093459,"genus"
"Sweets_Sweeteners","genus_Barnesiella",-0.595653309593799,0.00344449372985253,0.0118096927880658,"genus"
"Beverages","phylum_Proteobacteria",-0.665085949168672,0.000732089348858968,0.0118848711567663,"phylum"
"Beverages","genus_Parasutterella",-0.664506606007375,0.000742804447297891,0.0118848711567663,"genus"
"Meat_Poultry","phylum_Bacteroidetes",0.572562358276644,0.00535556287544216,0.0119566054893592,"phylum"
"Meat_Poultry","class_Bacilli",-0.580498866213152,0.00461835159344102,0.0119566054893592,"class"
"Meat_Poultry","class_Bacteroidia",0.572562358276644,0.00535556287544216,0.0119566054893592,"class"
"Meat_Poultry","order_Bacteroidales",0.572562358276644,0.00535556287544216,0.0119566054893592,"order"
"Meat_Poultry","family_Rikenellaceae",0.574829931972789,0.00513559036538149,0.0119566054893592,"family"
"Meat_Poultry","family_Streptococcaceae",-0.580498866213152,0.00461835159344102,0.0119566054893592,"family"
"Meat_Poultry","genus_Alistipes",0.574829931972789,0.00513559036538149,0.0119566054893592,"genus"
"Meat_Poultry","genus_Clostridium.XlVb",0.582766439909297,0.00442400414268986,0.0119566054893592,"genus"
"Meat_Poultry","genus_Parabacteroides",0.578231292517007,0.00481976974461228,0.0119566054893592,"genus"
"Meat_Poultry","genus_Streptococcus",-0.580498866213152,0.00461835159344102,0.0119566054893592,"genus"
"Seafood","phylum_Firmicutes",-0.601782352931602,0.00304678248791811,0.0121871299516724,"phylum"
"Fats and Oils","genus_Blautia",-0.679138321995465,0.000509695753337637,0.0122326980801033,"genus"
"Rice_Pasta_Noodles","class_unclassified_Firmicutes",-0.656806578653281,0.00089846709760269,0.0123218344814083,"class"
"Rice_Pasta_Noodles","order_unclassified_Firmicutes",-0.656806578653281,0.00089846709760269,0.0123218344814083,"order"
"Rice_Pasta_Noodles","family_unclassified_Firmicutes",-0.656806578653281,0.00089846709760269,0.0123218344814083,"family"
"Rice_Pasta_Noodles","genus_Erysipelotrichaceae_incertae_sedis",0.669328021227261,0.00065758095143899,0.0123218344814083,"genus"
"Rice_Pasta_Noodles","genus_Parasutterella",0.712583913755553,0.000198278477429879,0.0123218344814083,"genus"
"Rice_Pasta_Noodles","genus_unclassified_Coriobacteriaceae",0.679572837878698,0.00050386757441652,0.0123218344814083,"genus"
"Rice_Pasta_Noodles","genus_unclassified_Firmicutes",-0.656806578653281,0.00089846709760269,0.0123218344814083,"genus"
"Seafood","class_Gammaproteobacteria",0.596733283086542,0.00337141728620934,0.0129462423790439,"class"
"Sweets_Sweeteners","genus_Odoribacter",0.587866072509779,0.00401175631198883,0.0132802967569285,"genus"
"Rice_Pasta_Noodles","class_Betaproteobacteria",0.619242250931343,0.00211880974299241,0.0135603823551514,"class"
"Rice_Pasta_Noodles","class_Deltaproteobacteria",0.626072128698968,0.00182751421491649,0.0135603823551514,"class"
"Rice_Pasta_Noodles","order_Burkholderiales",0.619242250931343,0.00211880974299241,0.0135603823551514,"order"
"Rice_Pasta_Noodles","order_Desulfovibrionales",0.626072128698968,0.00182751421491649,0.0135603823551514,"order"
"Rice_Pasta_Noodles","family_Desulfovibrionaceae",0.626072128698968,0.00182751421491649,0.0135603823551514,"family"
"Rice_Pasta_Noodles","family_Sutterellaceae",0.619242250931343,0.00211880974299241,0.0135603823551514,"family"
"Rice_Pasta_Noodles","genus_Bilophila",0.626072128698968,0.00182751421491649,0.0135603823551514,"genus"
"Rice_Pasta_Noodles","genus_Clostridium.XlVb",-0.64200851015676,0.00127666820854062,0.0135603823551514,"genus"
"Mixed_Meal","genus_Collinsella",0.570540713783918,0.00555823394022451,0.0136818066220911,"genus"
"Mixed_Meal","class_Gammaproteobacteria",0.568978207593969,0.00571920885494756,0.0137261012518741,"class"
"Alcohol","phylum_Firmicutes",0.583718521971578,0.00434446440327945,0.0141217334713165,"phylum"
"Alcohol","phylum_unclassified_Bacteria",-0.581169532792663,0.00456014310011261,0.0141217334713165,"phylum"
"Alcohol","class_Erysipelotrichia",0.586267511150493,0.00413737159875796,0.0141217334713165,"class"
"Alcohol","class_unclassified_Bacteria",-0.581169532792663,0.00456014310011261,0.0141217334713165,"class"
"Alcohol","order_Erysipelotrichales",0.586267511150493,0.00413737159875796,0.0141217334713165,"order"
"Alcohol","order_unclassified_Bacteria",-0.581169532792663,0.00456014310011261,0.0141217334713165,"order"
"Alcohol","family_Erysipelotrichaceae",0.586267511150493,0.00413737159875796,0.0141217334713165,"family"
"Alcohol","family_unclassified_Bacteria",-0.581169532792663,0.00456014310011261,0.0141217334713165,"family"
"Alcohol","genus_unclassified_Bacteria",-0.581169532792663,0.00456014310011261,0.0141217334713165,"genus"
"Bread_Products","genus_Flavonifractor",0.585904815963693,0.00416632512039965,0.0142845432699417,"genus"
"Bread_Products","class_Gammaproteobacteria",-0.582301910416016,0.00446325136521581,0.0147749010710592,"class"
"Meat_Poultry","order_Lactobacillales",-0.557823129251701,0.00698471355427144,0.0152393750275013,"order"
"Salad","genus_unclassified_Lachnospiraceae",0.612372435695794,0.00245042816077639,0.0156827402289689,"genus"
"Legume_Products","genus_unclassified_Lachnospiraceae",0.612372435695794,0.00245042816077639,0.0156827402289689,"genus"
"Non_Starchy_Vegetables","genus_Lachnospiracea_incertae_sedis",0.718820861678005,0.000163895174497342,0.0157339367517448,"genus"
"Tea","phylum_Bacteroidetes",-0.554051251343814,0.00746175457900479,0.0162801918087377,"phylum"
"Tea","class_Bacteroidia",-0.554051251343814,0.00746175457900479,0.0162801918087377,"class"
"Tea","order_Bacteroidales",-0.554051251343814,0.00746175457900479,0.0162801918087377,"order"
"Tea","order_Coriobacteriales",0.554051251343814,0.00746175457900479,0.0162801918087377,"order"
"Tea","family_Coriobacteriaceae",0.554051251343814,0.00746175457900479,0.0162801918087377,"family"
"Seafood","phylum_unclassified_Bacteria",0.572713729511473,0.00534063858173417,0.0163908467856987,"phylum"
"Seafood","class_unclassified_Bacteria",0.572713729511473,0.00534063858173417,0.0163908467856987,"class"
"Seafood","order_unclassified_Bacteria",0.572713729511473,0.00534063858173417,0.0163908467856987,"order"
"Seafood","family_Clostridiaceae.1",-0.571476766812744,0.00546361559523291,0.0163908467856987,"family"
"Seafood","family_unclassified_Bacteria",0.572713729511473,0.00534063858173417,0.0163908467856987,"family"
"Seafood","genus_Clostridium.sensu.stricto",-0.571476766812744,0.00546361559523291,0.0163908467856987,"genus"
"Seafood","genus_unclassified_Bacteria",0.572713729511473,0.00534063858173417,0.0163908467856987,"genus"
"Cereals_Grains","class_Gammaproteobacteria",-0.590825271610801,0.00378763220607595,0.0165278496265132,"class"
"Cereals_Grains","genus_unclassified_Coriobacteriaceae",-0.588476056455828,0.00396467206275314,0.0165481964358392,"genus"
"Starchy_Vegetables","class_Gammaproteobacteria",-0.587879584621747,0.0040107082799492,0.0169985438550023,"class"
"Starchy_Vegetables","genus_unclassified_Coriobacteriaceae",-0.587087047901807,0.0040725677985943,0.0169985438550023,"genus"
"Dairy_Products","genus_Lachnospiracea_incertae_sedis",-0.675736961451247,0.000557350863029383,0.0178352276169402,"genus"
"Dairy_Products","genus_unclassified_Porphyromonadaceae",0.685994340570035,0.000424169676664888,0.0178352276169402,"genus"
"Meat_Poultry","genus_Dorea",0.546485260770975,0.0084999929268106,0.0181333182438626,"genus"
"Sauces, Spices, and Herbs","class_Gammaproteobacteria",-0.583081821130974,0.00439752272136171,0.0183548774456837,"class"
"Sauces, Spices, and Herbs","genus_unclassified_Coriobacteriaceae",-0.583848459681601,0.00433370223125902,0.0183548774456837,"genus"
"Seafood","genus_unclassified_Coriobacteriaceae",0.562199546572278,0.00646312521329589,0.0188018188023153,"genus"
"Eggs","genus_Parasutterella",-0.584051904226767,0.00431689653448701,0.0188373666959433,"genus"
"Coffee","class_unclassified_Firmicutes",0.637478238848471,0.00141654888154828,0.019426956089805,"class"
"Coffee","order_unclassified_Firmicutes",0.637478238848471,0.00141654888154828,0.019426956089805,"order"
"Coffee","family_unclassified_Firmicutes",0.637478238848471,0.00141654888154828,0.019426956089805,"family"
"Coffee","genus_unclassified_Firmicutes",0.637478238848471,0.00141654888154828,0.019426956089805,"genus"
"Beverages","genus_Roseburia",0.636698134265131,0.00144190270122361,0.0197746656167809,"genus"
"Alcohol","genus_Flavonifractor",0.560777619361341,0.00662892714523643,0.0198867814357093,"genus"
"Cereals_Grains","class_Negativicutes",-0.57382200000411,0.00523242029300797,0.0200924939251506,"class"
"Cereals_Grains","order_Selenomonadales",-0.57382200000411,0.00523242029300797,0.0200924939251506,"order"
"Starchy_Vegetables","class_Negativicutes",-0.572409871704262,0.00537063219724213,0.0206232276374098,"class"
"Starchy_Vegetables","order_Selenomonadales",-0.572409871704262,0.00537063219724213,0.0206232276374098,"order"
"Seafood","phylum_Verrucomicrobia",0.544263587440709,0.00882651331822076,0.020666958013395,"phylum"
"Seafood","class_Bacilli",0.551685363633082,0.00777448443997743,0.020666958013395,"class"
"Seafood","class_Verrucomicrobiae",0.544263587440709,0.00882651331822076,0.020666958013395,"class"
"Seafood","order_Verrucomicrobiales",0.544263587440709,0.00882651331822076,0.020666958013395,"order"
"Seafood","family_Streptococcaceae",0.551685363633082,0.00777448443997743,0.020666958013395,"family"
"Seafood","family_Verrucomicrobiaceae",0.544263587440709,0.00882651331822076,0.020666958013395,"family"
"Seafood","genus_Akkermansia",0.544263587440709,0.00882651331822076,0.020666958013395,"genus"
"Seafood","genus_Streptococcus",0.551685363633082,0.00777448443997743,0.020666958013395,"genus"
"Nuts_Seeds","family_Lachnospiraceae",-0.601773262383998,0.00304734246243097,0.0208960625995267,"family"
"Sauces, Spices, and Herbs","class_Negativicutes",-0.569194403229883,0.00569670743827719,0.0218753565629844,"class"
"Sauces, Spices, and Herbs","order_Selenomonadales",-0.569194403229883,0.00569670743827719,0.0218753565629844,"order"
"Non_Starchy_Vegetables","genus_Clostridium.IV",0.679138321995465,0.000509695753337636,0.0218760339604992,"genus"
"Non_Starchy_Vegetables","genus_Odoribacter",0.667800453514739,0.000683626061265599,0.0218760339604992,"genus"
"Salad","phylum_Firmicutes",0.583211843519804,0.00438664380705124,0.022164095025101,"phylum"
"Salad","class_Clostridia",0.583211843519804,0.00438664380705124,0.022164095025101,"class"
"Salad","order_Clostridiales",0.583211843519804,0.00438664380705124,0.022164095025101,"order"
"Salad","genus_Holdemania",0.583261032727796,0.00438253403124614,0.022164095025101,"genus"
"Legume_Products","phylum_Firmicutes",0.583211843519804,0.00438664380705124,0.022164095025101,"phylum"
"Legume_Products","class_Clostridia",0.583211843519804,0.00438664380705124,0.022164095025101,"class"
"Legume_Products","order_Clostridiales",0.583211843519804,0.00438664380705124,0.022164095025101,"order"
"Legume_Products","genus_Holdemania",0.583261032727796,0.00438253403124614,0.022164095025101,"genus"
"Fruits","genus_Anaerotruncus",0.707277416936463,0.000232275548131993,0.0222984526206713,"genus"
"Rice_Pasta_Noodles","genus_Holdemania",-0.591765680313709,0.00371864141926043,0.0223118485155626,"genus"
"Dairy_Products","class_Deltaproteobacteria",0.619047619047619,0.0021276538084872,0.0226949739571968,"class"
"Dairy_Products","class_Gammaproteobacteria",0.636316945350406,0.00145443095206245,0.0226949739571968,"class"
"Dairy_Products","order_Desulfovibrionales",0.619047619047619,0.0021276538084872,0.0226949739571968,"order"
"Dairy_Products","family_Desulfovibrionaceae",0.619047619047619,0.0021276538084872,0.0226949739571968,"family"
"Dairy_Products","genus_Bilophila",0.619047619047619,0.0021276538084872,0.0226949739571968,"genus"
"Dairy_Products","genus_Phascolarctobacterium",0.636658619018805,0.00144319714935075,0.0226949739571968,"genus"
"Mixed_Meal","class_Clostridia",-0.536754503917384,0.0100074644005387,0.0228742043440885,"class"
"Mixed_Meal","order_Clostridiales",-0.536754503917384,0.0100074644005387,0.0228742043440885,"order"
"Beverages","class_Gammaproteobacteria",-0.624116799631424,0.00190721665133226,0.0228865998159871,"class"
"Sweets_Sweeteners","family_Clostridiales_Incertae.Sedis.XIII",-0.556198458417676,0.00718699900674551,0.0229983968215856,"family"
"Seafood","genus_Lachnospiracea_incertae_sedis",-0.535604848549607,0.0101992101340649,0.0233124803064341,"genus"
"Mixed_Meal","genus_Lachnospiracea_incertae_sedis",-0.53229217431237,0.0107686349654822,0.0240416036438671,"genus"
"Tea","family_Clostridiaceae.1",-0.524890659167824,0.0121353508162474,0.0247870995395691,"family"
"Tea","genus_Clostridium.sensu.stricto",-0.524890659167824,0.0121353508162474,0.0247870995395691,"genus"
"Tea","genus_Lachnospiracea_incertae_sedis",-0.524890659167824,0.0121353508162474,0.0247870995395691,"genus"
"Supplements","family_Rikenellaceae",-0.641300511806281,0.00129772135759178,0.0249162500657621,"family"
"Supplements","genus_Alistipes",-0.641300511806281,0.00129772135759178,0.0249162500657621,"genus"
"Supplements","genus_Anaerotruncus",-0.67720147950498,0.00053638367652759,0.0249162500657621,"genus"
"Supplements","genus_Clostridium.XlVa",0.675086721672815,0.000566883072695763,0.0249162500657621,"genus"
"Supplements","genus_Flavonifractor",-0.657874878910618,0.000875335912124651,0.0249162500657621,"genus"
"Salad","genus_unclassified_Coriobacteriaceae",-0.573491646127808,0.00526448538711752,0.0252695298581641,"genus"
"Legume_Products","genus_unclassified_Coriobacteriaceae",-0.573491646127808,0.00526448538711752,0.0252695298581641,"genus"
"Seafood","genus_Ruminococcus",-0.528747640074932,0.0114064919066437,0.0254656563497161,"genus"
"Sweets_Sweeteners","phylum_Firmicutes",-0.546410286789207,0.00851084723806618,0.0255325417141985,"phylum"
"Sweets_Sweeteners","genus_Coprococcus",-0.547561836392556,0.00834538588722954,0.0255325417141985,"genus"
"Salad","phylum_Proteobacteria",-0.563771448735811,0.00628385055888747,0.0255831585565878,"phylum"
"Salad","phylum_Verrucomicrobia",-0.554051251343814,0.00746175457900479,0.0255831585565878,"phylum"
"Salad","class_Gammaproteobacteria",-0.556263041580664,0.00717886641937821,0.0255831585565878,"class"
"Salad","class_Verrucomicrobiae",-0.554051251343814,0.00746175457900479,0.0255831585565878,"class"
"Salad","order_Verrucomicrobiales",-0.554051251343814,0.00746175457900479,0.0255831585565878,"order"
"Salad","family_Verrucomicrobiaceae",-0.554051251343814,0.00746175457900479,0.0255831585565878,"family"
"Salad","genus_Akkermansia",-0.554051251343814,0.00746175457900479,0.0255831585565878,"genus"
"Salad","genus_unclassified_Porphyromonadaceae",-0.570114034211404,0.00560181342208186,0.0255831585565878,"genus"
"Legume_Products","phylum_Proteobacteria",-0.563771448735811,0.00628385055888747,0.0255831585565878,"phylum"
"Legume_Products","phylum_Verrucomicrobia",-0.554051251343814,0.00746175457900479,0.0255831585565878,"phylum"
"Legume_Products","class_Gammaproteobacteria",-0.556263041580664,0.00717886641937821,0.0255831585565878,"class"
"Legume_Products","class_Verrucomicrobiae",-0.554051251343814,0.00746175457900479,0.0255831585565878,"class"
"Legume_Products","order_Verrucomicrobiales",-0.554051251343814,0.00746175457900479,0.0255831585565878,"order"
"Legume_Products","family_Verrucomicrobiaceae",-0.554051251343814,0.00746175457900479,0.0255831585565878,"family"
"Legume_Products","genus_Akkermansia",-0.554051251343814,0.00746175457900479,0.0255831585565878,"genus"
"Legume_Products","genus_unclassified_Porphyromonadaceae",-0.570114034211404,0.00560181342208186,0.0255831585565878,"genus"
"Eggs","genus_Roseburia",0.563275354274036,0.00633997886278594,0.0264625204707587,"genus"
"Meat_Poultry","genus_Roseburia",0.521541950113379,0.0127986021456299,0.0267101262169668,"genus"
"Bread_Products","genus_Eggerthella",0.547067833481312,0.00841603933693358,0.0269313258781875,"genus"
"Snacks","family_Lachnospiraceae",-0.647092282262699,0.00113384754966608,0.0272123411919859,"family"
"Snacks","genus_unclassified_Lachnospiraceae",-0.647092282262699,0.00113384754966608,0.0272123411919859,"genus"
"Fruits","family_Rikenellaceae",0.646931491435206,0.00113814688564953,0.0273155252555888,"family"
"Fruits","genus_Alistipes",0.646931491435206,0.00113814688564953,0.0273155252555888,"genus"
"Fruits","genus_Clostridium.XlVa",-0.648786935483299,0.00108936879038176,0.0273155252555888,"genus"
"Alcohol","genus_unclassified_Clostridiales_Incertae.Sedis.XIII",0.537836716751104,0.0098296801356979,0.0285954331220303,"genus"
"Eggs","genus_Clostridium.XlVb",0.556349837623126,0.00716794867958631,0.0286717947183452,"genus"
"Dairy_Products","phylum_Proteobacteria",0.575963718820862,0.00502845738045154,0.0290009808868602,"phylum"
"Dairy_Products","class_Bacilli",0.581632653061224,0.00452030631334875,0.0290009808868602,"class"
"Dairy_Products","class_Betaproteobacteria",0.574829931972789,0.00513559036538149,0.0290009808868602,"class"
"Dairy_Products","order_Burkholderiales",0.574829931972789,0.00513559036538149,0.0290009808868602,"order"
"Dairy_Products","family_Ruminococcaceae",-0.575963718820862,0.00502845738045154,0.0290009808868602,"family"
"Dairy_Products","family_Streptococcaceae",0.581632653061224,0.00452030631334875,0.0290009808868602,"family"
"Dairy_Products","family_Sutterellaceae",0.574829931972789,0.00513559036538149,0.0290009808868602,"family"
"Dairy_Products","genus_Streptococcus",0.581632653061224,0.00452030631334875,0.0290009808868602,"genus"
"Fats and Oils","class_unclassified_Firmicutes",0.611111111111111,0.00251583267856756,0.0294750221674145,"class"
"Fats and Oils","order_unclassified_Firmicutes",0.611111111111111,0.00251583267856756,0.0294750221674145,"order"
"Fats and Oils","family_unclassified_Firmicutes",0.611111111111111,0.00251583267856756,0.0294750221674145,"family"
"Fats and Oils","genus_Butyricicoccus",-0.606575963718821,0.00276328332819511,0.0294750221674145,"genus"
"Fats and Oils","genus_unclassified_Firmicutes",0.611111111111111,0.00251583267856756,0.0294750221674145,"genus"
"Sweets_Sweeteners","genus_Collinsella",-0.53431901595404,0.0104172280489022,0.0303046634149883,"genus"
"Cereals_Grains","order_Coriobacteriales",-0.544513887100674,0.00878921847776998,0.0312505545876266,"order"
"Cereals_Grains","family_Coriobacteriaceae",-0.544513887100674,0.00878921847776998,0.0312505545876266,"family"
"Starchy_Vegetables","order_Coriobacteriales",-0.543055519309172,0.00900835285233746,0.0320296990305332,"order"
"Starchy_Vegetables","family_Coriobacteriaceae",-0.543055519309172,0.00900835285233746,0.0320296990305332,"family"
"Beverages","phylum_unclassified_Bacteria",-0.559645493812663,0.0067634427904887,0.0325263008386532,"phylum"
"Beverages","class_Deltaproteobacteria",-0.556169434844882,0.007190656259293,0.0325263008386532,"class"
"Beverages","class_unclassified_Bacteria",-0.559645493812663,0.0067634427904887,0.0325263008386532,"class"
"Beverages","order_Desulfovibrionales",-0.556169434844882,0.007190656259293,0.0325263008386532,"order"
"Beverages","order_unclassified_Bacteria",-0.559645493812663,0.0067634427904887,0.0325263008386532,"order"
"Beverages","family_Bacteroidaceae",0.596144112974358,0.00341112058262324,0.0325263008386532,"family"
"Beverages","family_Desulfovibrionaceae",-0.556169434844882,0.007190656259293,0.0325263008386532,"family"
"Beverages","family_unclassified_Bacteria",-0.559645493812663,0.0067634427904887,0.0325263008386532,"family"
"Beverages","genus_Bacteroides",0.596144112974358,0.00341112058262324,0.0325263008386532,"genus"
"Beverages","genus_Bilophila",-0.556169434844882,0.007190656259293,0.0325263008386532,"genus"
"Beverages","genus_Dorea",0.564859582264334,0.00616218083744425,0.0325263008386532,"genus"
"Beverages","genus_unclassified_Bacteria",-0.559645493812663,0.0067634427904887,0.0325263008386532,"genus"
"Beverages","genus_unclassified_Coriobacteriaceae",-0.567176954909521,0.00590956777840871,0.0325263008386532,"genus"
"Beverages","genus_unclassified_Porphyromonadaceae",-0.554111381609625,0.00745394394219136,0.0325263008386532,"genus"
"Tea","genus_unclassified_Clostridiales_Incertae.Sedis.XIII",-0.50545026438383,0.016410872162235,0.0328217443244701,"genus"
"Eggs","family_Clostridiaceae.1",0.540767425158578,0.00936120752075647,0.0332842934071341,"family"
"Eggs","genus_Clostridium.sensu.stricto",0.540767425158578,0.00936120752075647,0.0332842934071341,"genus"
"Eggs","genus_Prevotella",0.540767425158578,0.00936120752075647,0.0332842934071341,"genus"
"Rice_Pasta_Noodles","phylum_Proteobacteria",0.566879854712884,0.00594146540150282,0.0335518046202512,"phylum"
"Sauces, Spices, and Herbs","order_Coriobacteriales",-0.539886290326447,0.0095000847875286,0.0337780792445461,"order"
"Sauces, Spices, and Herbs","family_Coriobacteriaceae",-0.539886290326447,0.0095000847875286,0.0337780792445461,"family"
"Meat_Poultry","class_Gammaproteobacteria",-0.503134328881716,0.0169926894616183,0.0347084720918162,"class"
"Sweets_Sweeteners","genus_Eggerthella",-0.522852465574655,0.0125356049811154,0.0353946493584436,"genus"
"Meat_Poultry","genus_Collinsella",-0.5,0.0178065586078446,0.0356131172156893,"genus"
"Seafood","family_Lachnospiraceae",-0.505299262430749,0.0164483090176253,0.0358872196748188,"family"
"Sauces, Spices, and Herbs","genus_Butyricicoccus",-0.533716161294145,0.0105207520192008,0.0360711497801171,"genus"
"Tea","genus_Barnesiella",0.497424875583555,0.0184985271791451,0.0362420124326108,"genus"
"Meat_Poultry","class_unclassified_Firmicutes",0.493197278911565,0.0196814393437369,0.0363349649422834,"class"
"Meat_Poultry","order_unclassified_Firmicutes",0.493197278911565,0.0196814393437369,0.0363349649422834,"order"
"Meat_Poultry","family_unclassified_Firmicutes",0.493197278911565,0.0196814393437369,0.0363349649422834,"family"
"Meat_Poultry","genus_unclassified_Firmicutes",0.493197278911565,0.0196814393437369,0.0363349649422834,"genus"
"Salad","family_Acidaminococcaceae",-0.524890659167824,0.0121353508162474,0.0375804412374113,"family"
"Salad","family_unclassified_Clostridiales",-0.524890659167824,0.0121353508162474,0.0375804412374113,"family"
"Salad","genus_unclassified_Clostridiales",-0.524890659167824,0.0121353508162474,0.0375804412374113,"genus"
"Legume_Products","family_Acidaminococcaceae",-0.524890659167824,0.0121353508162474,0.0375804412374113,"family"
"Legume_Products","family_unclassified_Clostridiales",-0.524890659167824,0.0121353508162474,0.0375804412374113,"family"
"Legume_Products","genus_unclassified_Clostridiales",-0.524890659167824,0.0121353508162474,0.0375804412374113,"genus"
"Salad","class_Betaproteobacteria",-0.515170461775827,0.0141421541060056,0.038789908405044,"class"
"Salad","order_Burkholderiales",-0.515170461775827,0.0141421541060056,0.038789908405044,"order"
"Salad","family_Sutterellaceae",-0.515170461775827,0.0141421541060056,0.038789908405044,"family"
"Salad","genus_Lachnospiracea_incertae_sedis",0.515170461775827,0.0141421541060056,0.038789908405044,"genus"
"Legume_Products","class_Betaproteobacteria",-0.515170461775827,0.0141421541060056,0.038789908405044,"class"
"Legume_Products","order_Burkholderiales",-0.515170461775827,0.0141421541060056,0.038789908405044,"order"
"Legume_Products","family_Sutterellaceae",-0.515170461775827,0.0141421541060056,0.038789908405044,"family"
"Legume_Products","genus_Lachnospiracea_incertae_sedis",0.515170461775827,0.0141421541060056,0.038789908405044,"genus"
"Beverages","class_Erysipelotrichia",0.534733737876903,0.0103464968605112,0.0397305479443629,"class"
"Beverages","order_Erysipelotrichales",0.534733737876903,0.0103464968605112,0.0397305479443629,"order"
"Beverages","family_Erysipelotrichaceae",0.534733737876903,0.0103464968605112,0.0397305479443629,"family"
"Non_Starchy_Vegetables","family_Clostridiales_Incertae.Sedis.XIII",0.620181405895692,0.00207656961563494,0.0398701366201909,"family"
"Non_Starchy_Vegetables","genus_Clostridium.XlVb",0.624716553287982,0.00188246313105601,0.0398701366201909,"genus"
"Alcohol","phylum_Verrucomicrobia",-0.502150868246292,0.0172447506675691,0.0403779527826007,"phylum"
"Alcohol","class_Clostridia",0.50852334119358,0.0156638512308539,0.0403779527826007,"class"
"Alcohol","class_Verrucomicrobiae",-0.502150868246292,0.0172447506675691,0.0403779527826007,"class"
"Alcohol","order_Clostridiales",0.50852334119358,0.0156638512308539,0.0403779527826007,"order"
"Alcohol","order_Verrucomicrobiales",-0.502150868246292,0.0172447506675691,0.0403779527826007,"order"
"Alcohol","family_Verrucomicrobiaceae",-0.502150868246292,0.0172447506675691,0.0403779527826007,"family"
"Alcohol","genus_Akkermansia",-0.502150868246292,0.0172447506675691,0.0403779527826007,"genus"
"Alcohol","genus_Clostridium.XlVb",0.512346824961952,0.0147731564275794,0.0403779527826007,"genus"
"Meat_Poultry","genus_Odoribacter",0.484126984126984,0.0224250872372781,0.0406190259392207,"genus"
"Nuts_Seeds","genus_unclassified_Coriobacteriaceae",0.562150331527438,0.00646880587693849,0.0414003576124063,"genus"
"Seafood","genus_Collinsella",0.493548116792825,0.0195810132640198,0.0417728282965756,"genus"
"Snacks","genus_Blautia",-0.617784169359263,0.00218582631681909,0.0419678652829266,"genus"
"Eggs","phylum_Proteobacteria",-0.514796737717664,0.0142243895770571,0.0423599813226341,"phylum"
"Eggs","family_unclassified_Clostridiales",-0.517105243267967,0.0137225771712509,0.0423599813226341,"family"
"Eggs","genus_Barnesiella",-0.511344836423613,0.0150024933850996,0.0423599813226341,"genus"
"Eggs","genus_Collinsella",-0.52229938075615,0.0126460562049588,0.0423599813226341,"genus"
"Eggs","genus_Ruminococcus",0.521189527498586,0.0128700895302257,0.0423599813226341,"genus"
"Eggs","genus_unclassified_Clostridiales",-0.517105243267967,0.0137225771712509,0.0423599813226341,"genus"
"Eggs","genus_unclassified_Coriobacteriaceae",-0.512488232167361,0.0147410214284419,0.0423599813226341,"genus"
"Bread_Products","family_Ruminococcaceae",0.516858793880429,0.0137754521360799,0.0426594646794733,"family"
"Dairy_Products","order_Lactobacillales",0.549886621315193,0.00801942068198709,0.0427702436372645,"order"
"Beverages","family_Acidaminococcaceae",-0.527202276780045,0.0116940968195731,0.0431782036415007,"family"
"Nuts_Seeds","genus_unclassified_Lachnospiraceae",-0.552244598813298,0.00769960391212292,0.0434801162096353,"genus"
"Nuts_Seeds","genus_unclassified_Ruminococcaceae",0.5541019236972,0.00745517203229891,0.0434801162096353,"genus"
"Dairy_Products","class_Clostridia",-0.541950113378685,0.00917742930916701,0.0440516606840016,"class"
"Dairy_Products","order_Clostridiales",-0.541950113378685,0.00917742930916701,0.0440516606840016,"order"
"Dairy_Products","class_unclassified_Firmicutes",-0.523809523809524,0.0123463402048997,0.0446962198484853,"class"
"Dairy_Products","order_unclassified_Firmicutes",-0.523809523809524,0.0123463402048997,0.0446962198484853,"order"
"Dairy_Products","family_unclassified_Firmicutes",-0.523809523809524,0.0123463402048997,0.0446962198484853,"family"
"Dairy_Products","genus_Eggerthella",0.533745596616992,0.0105156777934286,0.0446962198484853,"genus"
"Dairy_Products","genus_Pseudoflavonifractor",-0.535195992386854,0.0102681235543008,0.0446962198484853,"genus"
"Dairy_Products","genus_unclassified_Firmicutes",-0.523809523809524,0.0123463402048997,0.0446962198484853,"genus"
"Dairy_Products","genus_unclassified_Ruminococcaceae",-0.522675736961451,0.0125708118323865,0.0446962198484853,"genus"
"Starchy_Vegetables","genus_Butyricicoccus",-0.519881030576206,0.0131383665956834,0.0450458283280573,"genus"
"Salad","class_Erysipelotrichia",0.495730066991834,0.0189656608825633,0.0455175861181519,"class"
"Salad","order_Erysipelotrichales",0.495730066991834,0.0189656608825633,0.0455175861181519,"order"
"Salad","family_Erysipelotrichaceae",0.495730066991834,0.0189656608825633,0.0455175861181519,"family"
"Salad","genus_Clostridium.XlVa",-0.495730066991834,0.0189656608825633,0.0455175861181519,"genus"
"Salad","genus_unclassified_Ruminococcaceae",-0.495730066991834,0.0189656608825633,0.0455175861181519,"genus"
"Legume_Products","class_Erysipelotrichia",0.495730066991834,0.0189656608825633,0.0455175861181519,"class"
"Legume_Products","order_Erysipelotrichales",0.495730066991834,0.0189656608825633,0.0455175861181519,"order"
"Legume_Products","family_Erysipelotrichaceae",0.495730066991834,0.0189656608825633,0.0455175861181519,"family"
"Legume_Products","genus_Clostridium.XlVa",-0.495730066991834,0.0189656608825633,0.0455175861181519,"genus"
"Legume_Products","genus_unclassified_Ruminococcaceae",-0.495730066991834,0.0189656608825633,0.0455175861181519,"genus"
"Rice_Pasta_Noodles","family_Clostridiaceae.1",-0.542975282526196,0.00902053849902807,0.0455774576792997,"family"
"Rice_Pasta_Noodles","genus_Clostridium.sensu.stricto",-0.542975282526196,0.00902053849902807,0.0455774576792997,"genus"
"Alcohol","genus_Collinsella",-0.490680416941173,0.0204140990636294,0.0466607978597243,"genus"
"Rice_Pasta_Noodles","phylum_Bacteroidetes",-0.522485649223321,0.0126087700215295,0.047277815319732,"phylum"
"Rice_Pasta_Noodles","phylum_unclassified_Bacteria",0.519070710339508,0.0133067765794382,0.047277815319732,"phylum"
"Rice_Pasta_Noodles","class_Bacteroidia",-0.522485649223321,0.0126087700215295,0.047277815319732,"class"
"Rice_Pasta_Noodles","class_unclassified_Bacteria",0.519070710339508,0.0133067765794382,0.047277815319732,"class"
"Rice_Pasta_Noodles","order_Bacteroidales",-0.522485649223321,0.0126087700215295,0.047277815319732,"order"
"Rice_Pasta_Noodles","order_unclassified_Bacteria",0.519070710339508,0.0133067765794382,0.047277815319732,"order"
"Rice_Pasta_Noodles","family_unclassified_Bacteria",0.519070710339508,0.0133067765794382,0.047277815319732,"family"
"Rice_Pasta_Noodles","genus_Dorea",-0.516794084416967,0.0137893628015885,0.047277815319732,"genus"
"Rice_Pasta_Noodles","genus_unclassified_Bacteria",0.519070710339508,0.0133067765794382,0.047277815319732,"genus"
"Mixed_Meal","genus_Barnesiella",0.485178369210832,0.0220921853183521,0.0482011316036773,"genus"
"Alcohol","class_Bacilli",-0.483033449404428,0.0227755874825272,0.0483957099265414,"class"
"Alcohol","family_Streptococcaceae",-0.483033449404428,0.0227755874825272,0.0483957099265414,"family"
"Alcohol","genus_Lachnospiracea_incertae_sedis",0.48175895481497,0.0231896110064677,0.0483957099265414,"genus"
"Alcohol","genus_Streptococcus",-0.483033449404428,0.0227755874825272,0.0483957099265414,"genus"
"Seafood","family_Peptostreptococcaceae",-0.479941527106807,0.0237904045922138,0.0485931668266495,"family"
"Seafood","genus_Clostridium.XI",-0.479941527106807,0.0237904045922138,0.0485931668266495,"genus"
